google.com,Not Found
amazonaws.com,Error
facebook.com,Not Found
microsoft.com,Error
apple.com,Not Found
googleapis.com,Error
youtube.com,Not Found
akamaiedge.net,Error
a-msedge.net,Error
akamai.net,Error
twitter.com,Not Found
gtld-servers.net,Error
googlevideo.com,Error
instagram.com,Not Found
azure.com,Error
gstatic.com,Error
cloudflare.com,Not Found
linkedin.com,Error
doubleclick.net,Not Found
live.com,Error
tiktokcdn.com,Error
netflix.com,Not Found
office.com,Error
googletagmanager.com,Error
akadns.net,Error
apple-dns.net,Error
amazon.com,Not Found
domaincontrol.com,Error
windowsupdate.com,Error
trafficmanager.net,Error
fbcdn.net,Not Found
googleusercontent.com,Error
wikipedia.org,Not Found
icloud.com,Not Found
bing.com,Not Found
fastly.net,Not Found
root-servers.net,Error
microsoftonline.com,Error
digicert.com,Not Found
wordpress.org,Not Found
mail.ru,Not Found
yahoo.com,Not Found
youtu.be,Not Found
aaplimg.com,Error
pinterest.com,Found
ui.com,Found
github.com,Not Found
googlesyndication.com,Not Found
l-msedge.net,Error
tiktokv.com,Error
windows.net,Error
adobe.com,Error
goo.gl,Error
nflxso.net,Error
google-analytics.com,Not Found
gandi.net,Not Found
cloudfront.net,Error
spotify.com,Error
vimeo.com,Not Found
t-msedge.net,Error
sharepoint.com,Error
gvt2.com,Error
zoom.us,Not Found
edgekey.net,Error
wordpress.com,Found
bit.ly,Not Found
whatsapp.net,Not Found
office.net,Error
msn.com,Not Found
yandex.net,Not Found
qq.com,Not Found
yandex.ru,Error
mozilla.org,Not Found
office365.com,Error
googledomains.com,Not Found
cloudflare.net,Not Found
skype.com,Error
blogspot.com,Not Found
whatsapp.com,Not Found
cloudflare-dns.com,Not Found
ntp.org,Not Found
app-measurement.com,Error
ytimg.com,Error
outlook.com,Error
bytefcdn-oversea.com,Error
comcast.net,Error
trbcdn.net,Error
ruidongcloud.com,Error
s-msedge.net,Error
gvt1.com,Error
roblox.com,Not Found
reddit.com,Not Found
nic.ru,Not Found
opera.com,Not Found
wac-msedge.net,Error
tds.net,Not Found
tiktok.com,Not Found
snapchat.com,Not Found
pki.goog,Not Found
netflix.net,Error
macromedia.com,Error
europa.eu,Not Found
amazon-adsystem.com,Error
facebook-hardware.com,Error
tiktokcdn-us.com,Error
adnxs.com,Error
dropbox.com,Not Found
criteo.com,Not Found
tumblr.com,Not Found
nih.gov,Not Found
cdn77.org,Error
baidu.com,Not Found
cloudapp.net,Error
gravatar.com,Not Found
epicgames.com,Error
intuit.com,Not Found
frontapp.com,Not Found
nytimes.com,Not Found
flickr.com,Not Found
github.io,Not Found
nr-data.net,Error
msftncsi.com,Error
googleadservices.com,Error
lencr.org,Not Found
t.co,Not Found
one.one,Error
windows.com,Error
rubiconproject.com,Not Found
registrar-servers.com,Error
datadoghq.com,Found
ggpht.com,Error
akamaized.net,Error
t.me,Not Found
msedge.net,Error
mozilla.com,Not Found
a2z.com,Error
webex.com,Not Found
2mdn.net,Error
cdninstagram.com,Error
sentry.io,Not Found
samsung.com,Not Found
att.net,Not Found
apache.org,Not Found
forms.gle,Error
bytefcdn-ttpeu.com,Error
casalemedia.com,Not Found
sberdevices.ru,Not Found
archive.org,Not Found
paypal.com,Found
unity3d.com,Not Found
wa.me,Not Found
edgesuite.net,Error
worldfcdn2.com,Error
azureedge.net,Error
abusix.zone,Error
mangosip.ru,Error
cnn.com,Found
soundcloud.com,Not Found
rambler.ru,Not Found
salesforceliveagent.com,Not Found
spo-msedge.net,Error
ttlivecdn.com,Error
miit.gov.cn,Error
omtrdc.net,Error
doubleverify.com,Not Found
pubmatic.com,Not Found
medium.com,Not Found
salesforce.com,Not Found
vk.com,Not Found
o365filtering.com,Error
b-msedge.net,Error
ebay.com,Not Found
theguardian.com,Not Found
gmail.com,Not Found
w3.org,Not Found
forbes.com,Not Found
zemanta.com,Not Found
dns.cn,Error
adsrvr.org,Not Found
bbc.co.uk,Not Found
taboola.com,Not Found
appsflyersdk.com,Error
meraki.com,Not Found
demdex.net,Error
azurewebsites.net,Error
applovin.com,Not Found
miui.com,Not Found
dns.google,Not Found
adobe.io,Not Found
comfortel.pro,Not Found
openx.net,Not Found
appsflyer.com,Found
wsdvs.com,Error
sciencedirect.com,Not Found
rbxcdn.com,Error
myfritz.net,Not Found
googleblog.com,Not Found
bbc.com,Not Found
creativecommons.org,Not Found
health.mil,Not Found
example.com,Not Found
smartadserver.com,Not Found
xiaomi.com,Not Found
cisco.com,Not Found
shifen.com,Error
facebook.net,Error
sourceforge.net,Not Found
adsafeprotected.com,Error
googletagservices.com,Error
kaspersky.com,Not Found
imdb.com,Not Found
akamaihd.net,Error
510623.com,Error
discord.com,Not Found
aiv-cdn.net,Error
hp.com,Not Found
deviantart.com,Not Found
userapi.com,Not Found
reg.ru,Not Found
mit.edu,Not Found
twitch.tv,Not Found
edgecdn.ru,Error
who.int,Not Found
dnsowl.com,Error
nginx.org,Not Found
ubuntu.com,Not Found
scorecardresearch.com,Not Found
atlassian.com,Not Found
force.com,Not Found
slack.com,Not Found
wixsite.com,Error
amazonvideo.com,Not Found
staples.com,Not Found
rocket-cdn.com,Error
cdn-apple.com,Error
msftconnecttest.com,Error
issuu.com,Not Found
jomodns.com,Error
washingtonpost.com,Error
dell.com,Not Found
amazon.co.uk,Not Found
youtube-nocookie.com,Error
researchgate.net,Not Found
go.com,Not Found
mzstatic.com,Not Found
nginx.com,Not Found
ampproject.org,Not Found
hubspot.com,Not Found
dual-s-msedge.net,Error
launchdarkly.com,Found
wikimedia.org,Not Found
dailymail.co.uk,Not Found
cdc.gov,Not Found
shopify.com,Not Found
safebrowsing.apple,Error
wp.com,Found
playstation.net,Error
android.com,Found
tinyurl.com,Error
mcafee.com,Not Found
alicdn.com,Error
cedexis.net,Error
telecid.ru,Error
sc-gw.com,Error
weebly.com,Not Found
name-services.com,Error
grammarly.com,Not Found
reuters.com,Error
churchcenter.com,Not Found
azurefd.net,Error
badoo.com,Not Found
ibm.com,Not Found
stbid.ru,Error
google.de,Not Found
slideshare.net,Not Found
atomile.com,Error
rlcdn.com,Error
cnbc.com,Not Found
media-amazon.com,Error
360yield.com,Not Found
harvard.edu,Not Found
doi.org,Not Found
3lift.com,Error
cdngslb.com,Error
canva.com,Error
bidswitch.net,Error
aliyuncs.com,Error
oracle.com,Not Found
sharethrough.com,Not Found
aol.com,Not Found
avast.com,Not Found
booking.com,Found
b-cdn.net,Not Found
edgecastdns.net,Error
moatads.com,Error
www.gov.uk,Not Found
hotjar.com,Not Found
teamviewer.com,Not Found
espn.com,Not Found
google.co.uk,Not Found
dnsmadeeasy.com,Not Found
bloomberg.com,Not Found
nist.gov,Not Found
adriver.ru,Not Found
appcenter.ms,Error
wsj.com,Not Found
weibo.com,Not Found
foxnews.com,Not Found
crashlytics.com,Not Found
vungle.com,Not Found
etsy.com,Error
media.net,Not Found
cdek.ru,Error
wiley.com,Not Found
supersonicads.com,Error
steampowered.com,Not Found
indeed.com,Error
google.com.br,Not Found
wildberries.ru,Not Found
samsungqbe.com,Error
nature.com,Not Found
jsdelivr.net,Error
samsungcloudsolution.com,Error
twimg.com,Error
hichina.com,Error
dailymotion.com,Not Found
criteo.net,Not Found
quantserve.com,Error
samsungcloud.com,Error
php.net,Not Found
msidentity.com,Error
branch.io,Error
amazon.dev,Error
opendns.com,Not Found
un.org,Not Found
stripe.com,Not Found
dotomi.com,Not Found
aws.dev,Error
alibabadns.com,Error
yahoo.co.jp,Not Found
lijit.com,Not Found
weather.com,Not Found
springer.com,Not Found
comcast.com,Error
businessinsider.com,Not Found
sc-cdn.net,Error
list-manage.com,Error
ksyuncdn.com,Error
nasa.gov,Not Found
adobedtm.com,Error
outbrain.com,Not Found
imrworldwide.com,Error
adform.net,Error
quora.com,Not Found
netangels.ru,Not Found
id5-sync.com,Not Found
nease.net,Error
stanford.edu,Not Found
unsplash.com,Not Found
drom.ru,Not Found
gnu.org,Not Found
liadm.com,Error
eset.com,Not Found
hostgator.com,Error
ups.com,Error
stackoverflow.com,Not Found
mi.com,Not Found
npr.org,Not Found
eventbrite.com,Not Found
creativecdn.com,Error
discord.gg,Not Found
tripadvisor.com,Error
teads.tv,Not Found
sohu.com,Not Found
crwdcntrl.net,Error
bamgrid.com,Error
1c.ru,Not Found
roku.com,Not Found
cpanel.net,Found
elasticbeanstalk.com,Error
linktr.ee,Not Found
go-mpulse.net,Error
sophos.com,Error
3gppnetwork.org,Error
godaddy.com,Error
walmart.com,Not Found
trustpilot.com,Not Found
clarity.ms,Error
rackspace.net,Error
xboxlive.com,Error
ea.com,Not Found
wix.com,Not Found
mediahils.ru,Error
bitrix24.ru,Not Found
hicloud.com,Error
usatoday.com,Error
dzeninfra.ru,Error
telegraph.co.uk,Not Found
mynetname.net,Error
goodreads.com,Not Found
avcdn.net,Error
giphy.com,Not Found
amazonalexa.com,Error
mozilla.net,Error
amazon.de,Not Found
globo.com,Not Found
taobao.com,Not Found
sbercloud.ru,Not Found
time.com,Not Found
tradingview.com,Found
g.page,Not Found
hipages.com.au,Not Found
duckduckgo.com,Not Found
openai.com,Not Found
blogger.com,Not Found
arubanetworks.com,Error
addtoany.com,Not Found
sfx.ms,Error
gosuslugi.ru,Not Found
chinamobile.com,Error
pixabay.com,Error
pangle.io,Error
statista.com,Not Found
ngenix.net,Not Found
ecdns.net,Error
ozon.ru,Error
debian.org,Not Found
scribd.com,Not Found
adtelligent.com,Not Found
byteoversea.net,Error
bilibili.com,Not Found
healthline.com,Not Found
verisign.com,Not Found
cnet.com,Found
wired.com,Not Found
gamepass.com,Error
smaato.net,Error
kwai.net,Error
wal-mart.com,Error
myshopify.com,Error
mtgglobals.com,Error
forter.com,Not Found
consultant.ru,Not Found
crpt.ru,Not Found
imgur.com,Found
speedtest.net,Not Found
surveymonkey.com,Not Found
ring.com,Not Found
amzn.to,Not Found
cambridge.org,Not Found
isnssdk.com,Error
nflximg.com,Error
ivi.ru,Not Found
azure-dns.com,Error
nvidia.com,Not Found
alibaba.com,Not Found
britannica.com,Not Found
xhamster.com,Not Found
viator.com,Error
ted.com,Not Found
naver.com,Not Found
behance.net,Not Found
att.com,Not Found
amazontrust.com,Not Found
mayoclinic.org,Not Found
checkpoint.com,Not Found
mikrotik.com,Not Found
timeweb.ru,Not Found
zendesk.com,Not Found
beian.gov.cn,Error
ft.com,Not Found
xcal.tv,Error
ok.ru,Not Found
aliexpress.com,Not Found
rzone.de,Error
uber.com,Error
dzen.ru,Not Found
imgsmail.ru,Not Found
yahoodns.net,Error
squarespace.com,Not Found
academia.edu,Found
cloudflareclient.com,Error
webmd.com,Not Found
dnspod.net,Error
cloudns.net,Not Found
livejournal.com,Not Found
trendmicro.com,Not Found
icloud-content.com,Not Found
worldnic.com,Error
mysql.com,Error
t-mobile.com,Not Found
duckdns.org,Not Found
buzzfeed.com,Not Found
disqus.com,Not Found
online-metrix.net,Error
google.ca,Not Found
spcsdns.net,Error
independent.co.uk,Not Found
163.com,Error
playstation.com,Not Found
rakuten.co.jp,Error
kaspersky-labs.com,Error
dns.com,Not Found
verkada.com,Not Found
google.fr,Not Found
sina.com.cn,Not Found
berkeley.edu,Not Found
loc.gov,Not Found
entrust.net,Not Found
firetvcaptiveportal.com,Error
braze.com,Not Found
herokuapp.com,Error
line.me,Not Found
ca.gov,Not Found
herokudns.com,Error
google.es,Not Found
mediatek.com,Found
pandora.com,Not Found
telegram.me,Not Found
google.co.jp,Not Found
cbsnews.com,Not Found
mncdn.com,Error
yelp.com,Not Found
duolingo.com,Not Found
mailchimp.com,Not Found
myspace.com,Not Found
huawei.com,Error
google.it,Not Found
ttvnw.net,Error
nike.com,Error
beeline.ru,Error
warnerbros.com,Not Found
free.fr,Not Found
akam.net,Error
onetrust.com,Not Found
jquery.com,Not Found
fb.com,Not Found
aboutads.info,Not Found
wbx2.com,Error
digitalocean.com,Not Found
theverge.com,Not Found
latimes.com,Not Found
netease.com,Error
intel.com,Error
rt.ru,Error
oup.com,Not Found
techcrunch.com,Found
dns-parking.com,Error
steamcommunity.com,Not Found
inner-active.mobi,Error
tandfonline.com,Error
grammarly.io,Error
patreon.com,Not Found
nelreports.net,Error
sorbs.net,Error
newrelic.com,Not Found
dbankcloud.cn,Error
noaa.gov,Not Found
flashtalking.com,Not Found
shalltry.com,Error
amazon.co.jp,Not Found
ietf.org,Not Found
launchpad.net,Not Found
cornell.edu,Error
marriott.com,Not Found
hugedomains.com,Not Found
ikea.com,Not Found
autodesk.com,Error
igamecj.com,Error
visualstudio.com,Not Found
accuweather.com,Error
nstld.com,Error
mega.nz,Not Found
mts.ru,Not Found
freepik.com,Not Found
apple.news,Not Found
mob.com,Not Found
merriam-webster.com,Not Found
nintendo.net,Error
yandex.com,Not Found
google.co.in,Not Found
rackspace.com,Not Found
getpocket.com,Not Found
pinimg.com,Found
byteglb.com,Error
ezvizlife.com,Not Found
licdn.com,Error
exelator.com,Error
spaceweb.pro,Error
uol.com.br,Not Found
hostgator.com.br,Not Found
homedepot.com,Error
amplitude.com,Not Found
cookielaw.org,Not Found
yieldmo.com,Not Found
agkn.com,Error
conviva.com,Not Found
optimizely.com,Not Found
mega.co.nz,Not Found
wattpad.com,Not Found
huffingtonpost.com,Not Found
qualtrics.com,Not Found
nbcnews.com,Not Found
bluehost.com,Error
milanuncios.com,Error
adobe.net,Error
calendly.com,Not Found
ovscdns.com,Error
mozgcp.net,Error
fontawesome.com,Not Found
hulu.com,Not Found
target.com,Not Found
theatlantic.com,Not Found
prnewswire.com,Not Found
omnitagjs.com,Error
scdn.co,Error
name.com,Not Found
riotgames.com,Not Found
washington.edu,Not Found
markmonitor.com,Error
sentinelone.net,Error
addthis.com,Error
tapad.com,Not Found
namebrightdns.com,Error
rbc.ru,Not Found
appspot.com,Found
bidr.io,Error
qlivecdn.com,Error
oath.cloud,Error
livechatinc.com,Not Found
elpais.com,Not Found
bugsnag.com,Not Found
google.com.hk,Not Found
typekit.net,Error
allawnos.com,Error
fandom.com,Not Found
rncdn7.com,Error
virtualearth.net,Not Found
intercom.io,Not Found
aliyun.com,Not Found
pv-cdn.net,Error
fda.gov,Not Found
lenovo.com,Not Found
google.pl,Not Found
rspamd.com,Not Found
incapdns.net,Error
live.net,Error
w3schools.com,Not Found
contextweb.com,Not Found
dns-shop.ru,Error
life360.com,Not Found
temu.com,Not Found
stackadapt.com,Not Found
nest.com,Not Found
pornhub.com,Not Found
viber.com,Not Found
bluekai.com,Error
webrootcloudav.com,Error
gihc.net,Error
everesttech.net,Error
coinmarketcap.com,Not Found
mediafire.com,Not Found
tp-link.com,Not Found
samsungapps.com,Not Found
box.com,Found
yimg.com,Not Found
glance.net,Not Found
deepl.com,Error
amazon.fr,Not Found
ovscdns.net,Error
bitdefender.com,Not Found
usda.gov,Not Found
nationalgeographic.com,Found
contentsquare.net,Error
ai-lawandorder.com,Error
attn.tv,Error
inmobi.com,Not Found
hbr.org,Not Found
themeforest.net,Not Found
sagepub.com,Not Found
investopedia.com,Not Found
google.com.mx,Not Found
yahoo.net,Not Found
google.com.tr,Not Found
klaviyo.com,Not Found
ohthree.com,Error
fedex.com,Error
udemy.com,Error
rocket-cdnbp.com,Error
service.gov.uk,Not Found
pccc.com,Not Found
bestbuy.com,Error
unesco.org,Not Found
allaboutcookies.org,Not Found
33across.com,Not Found
footprintdns.com,Error
douyincdn.com,Error
amazon.ca,Not Found
zillow.com,Error
docker.com,Not Found
shein.com,Found
bandcamp.com,Not Found
youku.com,Not Found
xvideos.com,Not Found
bytetcdn.com,Error
tremorhub.com,Error
gumgum.com,Not Found
telegram.org,Not Found
typeform.com,Not Found
gandi-ns.fr,Error
e-msedge.net,Error
kickstarter.com,Error
norton.com,Not Found
ttoverseaus.net,Error
huffpost.com,Not Found
xiaomi.net,Error
fiverr.com,Error
nflxvideo.net,Error
pbs.org,Not Found
abovedomains.com,Not Found
lemonde.fr,Not Found
business.site,Not Found
mailchi.mp,Not Found
mirtesen.ru,Not Found
ovh.net,Not Found
shopee.co.id,Not Found
cdnvideo.ru,Not Found
people.com,Not Found
ioam.de,Not Found
fast.com,Not Found
1rx.io,Error
mixpanel.com,Not Found
w55c.net,Error
me.com,Not Found
princeton.edu,Not Found
networkadvertising.org,Not Found
yximgs.com,Error
chaturbate.com,Not Found
footprint.net,Error
dbankcloud.com,Error
jotform.com,Found
ssl-images-amazon.com,Error
kargo.com,Found
allegro.pl,Error
amazon.in,Not Found
quantummetric.com,Not Found
sitescout.com,Error
statuspage.io,Not Found
google.cn,Not Found
t-online.de,Not Found
stickyadstv.com,Error
indiatimes.com,Found
ipify.org,Not Found
adrta.com,Not Found
quickconnect.to,Not Found
change.org,Not Found
a-mo.net,Not Found
news.com.au,Error
amazon.es,Not Found
upwork.com,Error
bankofamerica.com,Not Found
phicdn.net,Error
steamstatic.com,Error
redhat.com,Not Found
rfihub.com,Error
ieee.org,Found
ebay.co.uk,Not Found
turn.com,Error
xnxx.com,Not Found
ipredictive.com,Error
lefigaro.fr,Not Found
dreamhost.com,Found
tencent-cloud.net,Error
whitehouse.gov,Not Found
krxd.net,Error
samsungacr.com,Error
intentiq.com,Not Found
usgovcloudapi.net,Error
fb.me,Not Found
airbnb.com,Error
umich.edu,Not Found
iso.org,Not Found
ertelecom.ru,Error
bootstrapcdn.com,Not Found
appier.net,Not Found
netgear.com,Not Found
igodigital.com,Error
simpli.fi,Not Found
colossusssp.com,Error
heytapdl.com,Error
paloaltonetworks.com,Not Found
swrve.com,Not Found
statcounter.com,Not Found
amazon.it,Not Found
nic.do,Not Found
indexww.com,Error
ssacdn.com,Error
dan.com,Not Found
apigee.net,Error
ks-cdn.com,Error
lowes.com,Error
epa.gov,Not Found
unrulymedia.com,Error
okta.com,Not Found
state.gov,Not Found
hm.com,Not Found
cmediahub.ru,Error
bdydns.com,Error
istockphoto.com,Not Found
aniview.com,Found
shopee.com.br,Not Found
eporner.com,Not Found
ameblo.jp,Not Found
adjust.com,Found
discordapp.com,Not Found
ibyteimg.com,Error
impervadns.net,Error
samsungosp.com,Error
miwifi.com,Not Found
google.com.tw,Not Found
seznam.cz,Not Found
brave.com,Not Found
wayfair.com,Not Found
daum.net,Not Found
fbsbx.com,Error
sc-corp.net,Error
onetag-sys.com,Not Found
macys.com,Error
1drv.com,Error
xfinity.com,Error
360.cn,Not Found
onlyfans.com,Not Found
cdnhwc1.com,Error
githubusercontent.com,Error
goskope.com,Error
columbia.edu,Not Found
worldbank.org,Not Found
clever.com,Not Found
cdn20.com,Error
takeaway.com,Error
ncbank.cn,Error
erome.com,Not Found
messenger.com,Not Found
economist.com,Found
ctdns.cn,Error
chartbeat.net,Error
heytapmobile.com,Error
usnews.com,Error
firefox.com,Not Found
vmware.com,Not Found
gitlab.com,Not Found
tribalfusion.com,Found
sectigo.com,Found
bild.de,Not Found
connatix.com,Not Found
ads-twitter.com,Error
mathtag.com,Not Found
infonline.de,Not Found
genius.com,Error
mgid.com,Not Found
twilio.com,Not Found
vkontakte.ru,Not Found
canonical.com,Not Found
immunet.com,Not Found
disneyplus.com,Not Found
costco.com,Error
nypost.com,Not Found
firebaseio.com,Error
llnwi.net,Error
globalsign.com,Not Found
browser-intake-datadoghq.com,Error
jimdo.com,Not Found
wikihow.com,Not Found
repubblica.it,Found
rackspaceclouddb.com,Error
unpkg.com,Not Found
azure-devices.net,Error
hotmail.com,Error
bttrack.com,Not Found
arcgis.com,Not Found
theconversation.com,Not Found
spot.im,Not Found
primevideo.com,Not Found
cloudflareinsights.com,Not Found
samsungcloudsolution.net,Error
businesswire.com,Error
cachenow.net,Error
kohls.com,Not Found
segment.io,Not Found
chartboost.com,Not Found
ad.gt,Error
avito.ru,Error
rings.solutions,Error
online.net,Not Found
cbc.ca,Not Found
ya.ru,Not Found
rapid7.com,Not Found
deloitte.com,Not Found
tbcache.com,Error
biblegateway.com,Not Found
savvis.net,Error
mediavine.com,Found
realtor.com,Error
myqcloud.com,Error
skroutz.gr,Error
btloader.com,Error
discogs.com,Not Found
imcmdb.net,Error
qwest.net,Error
vivoglobal.com,Error
instructure.com,Not Found
ebay.de,Not Found
xerox.com,Not Found
adgrx.com,Error
mgts.ru,Error
sharethis.com,Not Found
akismet.com,Found
pendo.io,Not Found
eyeota.net,Not Found
synology.com,Not Found
mckinsey.com,Found
onesignal.com,Not Found
ancestry.com,Not Found
spotifycdn.com,Error
quizlet.com,Error
onet.pl,Not Found
amazon.com.br,Not Found
redd.it,Not Found
adroll.com,Not Found
classdojo.com,Not Found
postrelease.com,Error
awsglobalaccelerator.com,Error
ys7.com,Not Found
flurry.com,Not Found
cdnbuild.net,Error
hilton.com,Error
innovid.com,Not Found
alidns.com,Not Found
serving-sys.com,Error
tiqcdn.com,Error
websitewelcome.com,Not Found
elmundo.es,Not Found
aiv-delivery.net,Error
corriere.it,Not Found
crossmh.ru,Error
weforum.org,Not Found
spankbang.com,Error
4dex.io,Error
pusher.com,Not Found
bol.com,Not Found
marketwatch.com,Not Found
redislabs.com,Found
wp.pl,Not Found
no-ip.com,Not Found
mmcdn.com,Not Found
hwcdn.net,Error
si.com,Error
socdm.com,Error
binance.com,Not Found
avira.com,Not Found
vivo.com.cn,Not Found
eepurl.com,Not Found
asos.com,Not Found
tynt.com,Not Found
ripn.net,Error
pikabu.ru,Not Found
creditkarma.com,Not Found
withgoogle.com,Not Found
apnews.com,Found
psychologytoday.com,Not Found
superhosting.bg,Not Found
newyorker.com,Not Found
cookiedatabase.org,Not Found
redfin.com,Found
fortune.com,Not Found
arxiv.org,Not Found
redditstatic.com,Error
ubnt.com,Found
twitchcdn.net,Error
utorrent.com,Not Found
chartbeat.com,Not Found
pik.ru,Not Found
interia.pl,Found
pexels.com,Error
kaspi.kz,Not Found
plos.org,Not Found
francetvinfo.fr,Found
byteoversea.com,Error
rayjump.com,Error
olx.ua,Not Found
constantcontact.com,Not Found
vidazoo.com,Not Found
2gis.com,Found
plex.tv,Not Found
vice.com,Not Found
topdns.me,Error
psu.edu,Not Found
dribbble.com,Not Found
split.io,Not Found
atlassian.net,Not Found
yale.edu,Not Found
