1,google.com
2,amazonaws.com
3,facebook.com
4,microsoft.com
5,apple.com
6,googleapis.com
7,youtube.com
8,akamaiedge.net
9,a-msedge.net
10,akamai.net
11,twitter.com
12,gtld-servers.net
13,googlevideo.com
14,instagram.com
15,azure.com
16,gstatic.com
17,cloudflare.com
18,linkedin.com
19,doubleclick.net
20,live.com
21,tiktokcdn.com
22,netflix.com
23,office.com
24,googletagmanager.com
25,akadns.net
26,apple-dns.net
27,amazon.com
28,domaincontrol.com
29,windowsupdate.com
30,trafficmanager.net
31,fbcdn.net
32,googleusercontent.com
33,wikipedia.org
34,icloud.com
35,bing.com
36,fastly.net
37,root-servers.net
38,microsoftonline.com
39,digicert.com
40,wordpress.org
41,mail.ru
42,yahoo.com
43,youtu.be
44,aaplimg.com
45,pinterest.com
46,ui.com
47,github.com
48,googlesyndication.com
49,l-msedge.net
50,tiktokv.com
51,windows.net
52,adobe.com
53,goo.gl
54,nflxso.net
55,google-analytics.com
56,gandi.net
57,cloudfront.net
58,spotify.com
59,vimeo.com
60,t-msedge.net
61,sharepoint.com
62,gvt2.com
63,zoom.us
64,edgekey.net
65,wordpress.com
66,bit.ly
67,whatsapp.net
68,office.net
69,msn.com
70,yandex.net
71,qq.com
72,yandex.ru
73,mozilla.org
74,office365.com
75,googledomains.com
76,cloudflare.net
77,skype.com
78,blogspot.com
79,whatsapp.com
80,cloudflare-dns.com
81,ntp.org
82,app-measurement.com
83,ytimg.com
84,outlook.com
85,bytefcdn-oversea.com
86,comcast.net
87,trbcdn.net
88,ruidongcloud.com
89,s-msedge.net
90,gvt1.com
91,roblox.com
92,reddit.com
93,nic.ru
94,opera.com
95,wac-msedge.net
96,tds.net
97,tiktok.com
98,snapchat.com
99,pki.goog
100,netflix.net
101,macromedia.com
102,europa.eu
103,amazon-adsystem.com
104,facebook-hardware.com
105,tiktokcdn-us.com
106,adnxs.com
107,dropbox.com
108,criteo.com
109,tumblr.com
110,nih.gov
111,cdn77.org
112,baidu.com
113,cloudapp.net
114,gravatar.com
115,epicgames.com
116,intuit.com
117,frontapp.com
118,nytimes.com
119,flickr.com
120,github.io
121,nr-data.net
122,msftncsi.com
123,googleadservices.com
124,lencr.org
125,t.co
126,one.one
127,windows.com
128,rubiconproject.com
129,registrar-servers.com
130,datadoghq.com
131,ggpht.com
132,akamaized.net
133,t.me
134,msedge.net
135,mozilla.com
136,a2z.com
137,webex.com
138,2mdn.net
139,cdninstagram.com
140,sentry.io
141,samsung.com
142,att.net
143,apache.org
144,forms.gle
145,bytefcdn-ttpeu.com
146,casalemedia.com
147,sberdevices.ru
148,archive.org
149,paypal.com
150,unity3d.com
151,wa.me
152,edgesuite.net
153,worldfcdn2.com
154,azureedge.net
155,abusix.zone
156,mangosip.ru
157,cnn.com
158,soundcloud.com
159,rambler.ru
160,salesforceliveagent.com
161,spo-msedge.net
162,ttlivecdn.com
163,miit.gov.cn
164,omtrdc.net
165,doubleverify.com
166,pubmatic.com
167,medium.com
168,salesforce.com
169,vk.com
170,o365filtering.com
171,b-msedge.net
172,ebay.com
173,theguardian.com
174,gmail.com
175,w3.org
176,forbes.com
177,zemanta.com
178,dns.cn
179,adsrvr.org
180,bbc.co.uk
181,taboola.com
182,appsflyersdk.com
183,meraki.com
184,demdex.net
185,azurewebsites.net
186,applovin.com
187,miui.com
188,dns.google
189,adobe.io
190,comfortel.pro
191,openx.net
192,appsflyer.com
193,wsdvs.com
194,sciencedirect.com
195,rbxcdn.com
196,myfritz.net
197,googleblog.com
198,bbc.com
199,creativecommons.org
200,health.mil
201,example.com
202,smartadserver.com
203,xiaomi.com
204,cisco.com
205,shifen.com
206,facebook.net
207,sourceforge.net
208,adsafeprotected.com
209,googletagservices.com
210,kaspersky.com
211,imdb.com
212,akamaihd.net
213,510623.com
214,discord.com
215,aiv-cdn.net
216,hp.com
217,deviantart.com
218,userapi.com
219,reg.ru
220,mit.edu
221,twitch.tv
222,edgecdn.ru
223,who.int
224,dnsowl.com
225,nginx.org
226,ubuntu.com
227,scorecardresearch.com
228,atlassian.com
229,force.com
230,slack.com
231,wixsite.com
232,amazonvideo.com
233,staples.com
234,rocket-cdn.com
235,cdn-apple.com
236,msftconnecttest.com
237,issuu.com
238,jomodns.com
239,washingtonpost.com
240,dell.com
241,amazon.co.uk
242,youtube-nocookie.com
243,researchgate.net
244,go.com
245,mzstatic.com
246,nginx.com
247,ampproject.org
248,hubspot.com
249,dual-s-msedge.net
250,launchdarkly.com
251,wikimedia.org
252,dailymail.co.uk
253,cdc.gov
254,shopify.com
255,safebrowsing.apple
256,wp.com
257,playstation.net
258,android.com
259,tinyurl.com
260,mcafee.com
261,alicdn.com
262,cedexis.net
263,telecid.ru
264,sc-gw.com
265,weebly.com
266,name-services.com
267,grammarly.com
268,reuters.com
269,churchcenter.com
270,azurefd.net
271,badoo.com
272,ibm.com
273,stbid.ru
274,google.de
275,slideshare.net
276,atomile.com
277,rlcdn.com
278,cnbc.com
279,media-amazon.com
280,360yield.com
281,harvard.edu
282,doi.org
283,3lift.com
284,cdngslb.com
285,canva.com
286,bidswitch.net
287,aliyuncs.com
288,oracle.com
289,sharethrough.com
290,aol.com
291,avast.com
292,booking.com
293,b-cdn.net
294,edgecastdns.net
295,moatads.com
296,www.gov.uk
297,hotjar.com
298,teamviewer.com
299,espn.com
300,google.co.uk
301,dnsmadeeasy.com
302,bloomberg.com
303,nist.gov
304,adriver.ru
305,appcenter.ms
306,wsj.com
307,weibo.com
308,foxnews.com
309,crashlytics.com
310,vungle.com
311,etsy.com
312,media.net
313,cdek.ru
314,wiley.com
315,supersonicads.com
316,steampowered.com
317,indeed.com
318,google.com.br
319,wildberries.ru
320,samsungqbe.com
321,nature.com
322,jsdelivr.net
323,samsungcloudsolution.com
324,twimg.com
325,hichina.com
326,dailymotion.com
327,criteo.net
328,quantserve.com
329,samsungcloud.com
330,php.net
331,msidentity.com
332,branch.io
333,amazon.dev
334,opendns.com
335,un.org
336,stripe.com
337,dotomi.com
338,aws.dev
339,alibabadns.com
340,yahoo.co.jp
341,lijit.com
342,weather.com
343,springer.com
344,comcast.com
345,businessinsider.com
346,sc-cdn.net
347,list-manage.com
348,ksyuncdn.com
349,nasa.gov
350,adobedtm.com
351,outbrain.com
352,imrworldwide.com
353,adform.net
354,quora.com
355,netangels.ru
356,id5-sync.com
357,nease.net
358,stanford.edu
359,unsplash.com
360,drom.ru
361,gnu.org
362,liadm.com
363,eset.com
364,hostgator.com
365,ups.com
366,stackoverflow.com
367,mi.com
368,npr.org
369,eventbrite.com
370,creativecdn.com
371,discord.gg
372,tripadvisor.com
373,teads.tv
374,sohu.com
375,crwdcntrl.net
376,bamgrid.com
377,1c.ru
378,roku.com
379,cpanel.net
380,elasticbeanstalk.com
381,linktr.ee
382,go-mpulse.net
383,sophos.com
384,3gppnetwork.org
385,godaddy.com
386,walmart.com
387,trustpilot.com
388,clarity.ms
389,rackspace.net
390,xboxlive.com
391,ea.com
392,wix.com
393,mediahils.ru
394,bitrix24.ru
395,hicloud.com
396,usatoday.com
397,dzeninfra.ru
398,telegraph.co.uk
399,mynetname.net
400,goodreads.com
401,avcdn.net
402,giphy.com
403,amazonalexa.com
404,mozilla.net
405,amazon.de
406,globo.com
407,taobao.com
408,sbercloud.ru
409,time.com
410,tradingview.com
411,g.page
412,hipages.com.au
413,duckduckgo.com
414,openai.com
415,blogger.com
416,arubanetworks.com
417,addtoany.com
418,sfx.ms
419,gosuslugi.ru
420,chinamobile.com
421,pixabay.com
422,pangle.io
423,statista.com
424,ngenix.net
425,ecdns.net
426,ozon.ru
427,debian.org
428,scribd.com
429,adtelligent.com
430,byteoversea.net
431,bilibili.com
432,healthline.com
433,verisign.com
434,cnet.com
435,wired.com
436,gamepass.com
437,smaato.net
438,kwai.net
439,wal-mart.com
440,myshopify.com
441,mtgglobals.com
442,forter.com
443,consultant.ru
444,crpt.ru
445,imgur.com
446,speedtest.net
447,surveymonkey.com
448,ring.com
449,amzn.to
450,cambridge.org
451,isnssdk.com
452,nflximg.com
453,ivi.ru
454,azure-dns.com
455,nvidia.com
456,alibaba.com
457,britannica.com
458,xhamster.com
459,viator.com
460,ted.com
461,naver.com
462,behance.net
463,att.com
464,amazontrust.com
465,mayoclinic.org
466,checkpoint.com
467,mikrotik.com
468,timeweb.ru
469,zendesk.com
470,beian.gov.cn
471,ft.com
472,xcal.tv
473,ok.ru
474,aliexpress.com
475,rzone.de
476,uber.com
477,dzen.ru
478,imgsmail.ru
479,yahoodns.net
480,squarespace.com
481,academia.edu
482,cloudflareclient.com
483,webmd.com
484,dnspod.net
485,cloudns.net
486,livejournal.com
487,trendmicro.com
488,icloud-content.com
489,worldnic.com
490,mysql.com
491,t-mobile.com
492,duckdns.org
493,buzzfeed.com
494,disqus.com
495,online-metrix.net
496,google.ca
497,spcsdns.net
498,independent.co.uk
499,163.com
500,playstation.com
501,rakuten.co.jp
502,kaspersky-labs.com
503,dns.com
504,verkada.com
505,google.fr
506,sina.com.cn
507,berkeley.edu
508,loc.gov
509,entrust.net
510,firetvcaptiveportal.com
511,braze.com
512,herokuapp.com
513,line.me
514,ca.gov
515,herokudns.com
516,google.es
517,mediatek.com
518,pandora.com
519,telegram.me
520,google.co.jp
521,cbsnews.com
522,mncdn.com
523,yelp.com
524,duolingo.com
525,mailchimp.com
526,myspace.com
527,huawei.com
528,google.it
529,ttvnw.net
530,nike.com
531,beeline.ru
532,warnerbros.com
533,free.fr
534,akam.net
535,onetrust.com
536,jquery.com
537,fb.com
538,aboutads.info
539,wbx2.com
540,digitalocean.com
541,theverge.com
542,latimes.com
543,netease.com
544,intel.com
545,rt.ru
546,oup.com
547,techcrunch.com
548,dns-parking.com
549,steamcommunity.com
550,inner-active.mobi
551,tandfonline.com
552,grammarly.io
553,patreon.com
554,nelreports.net
555,sorbs.net
556,newrelic.com
557,dbankcloud.cn
558,noaa.gov
559,flashtalking.com
560,shalltry.com
561,amazon.co.jp
562,ietf.org
563,launchpad.net
564,cornell.edu
565,marriott.com
566,hugedomains.com
567,ikea.com
568,autodesk.com
569,igamecj.com
570,visualstudio.com
571,accuweather.com
572,nstld.com
573,mega.nz
574,mts.ru
575,freepik.com
576,apple.news
577,mob.com
578,merriam-webster.com
579,nintendo.net
580,yandex.com
581,google.co.in
582,rackspace.com
583,getpocket.com
584,pinimg.com
585,byteglb.com
586,ezvizlife.com
587,licdn.com
588,exelator.com
589,spaceweb.pro
590,uol.com.br
591,hostgator.com.br
592,homedepot.com
593,amplitude.com
594,cookielaw.org
595,yieldmo.com
596,agkn.com
597,conviva.com
598,optimizely.com
599,mega.co.nz
600,wattpad.com
601,huffingtonpost.com
602,qualtrics.com
603,nbcnews.com
604,bluehost.com
605,milanuncios.com
606,adobe.net
607,calendly.com
608,ovscdns.com
609,mozgcp.net
610,fontawesome.com
611,hulu.com
612,target.com
613,theatlantic.com
614,prnewswire.com
615,omnitagjs.com
616,scdn.co
617,name.com
618,riotgames.com
619,washington.edu
620,markmonitor.com
621,sentinelone.net
622,addthis.com
623,tapad.com
624,namebrightdns.com
625,rbc.ru
626,appspot.com
627,bidr.io
628,qlivecdn.com
629,oath.cloud
630,livechatinc.com
631,elpais.com
632,bugsnag.com
633,google.com.hk
634,typekit.net
635,allawnos.com
636,fandom.com
637,rncdn7.com
638,virtualearth.net
639,intercom.io
640,aliyun.com
641,pv-cdn.net
642,fda.gov
643,lenovo.com
644,google.pl
645,rspamd.com
646,incapdns.net
647,live.net
648,w3schools.com
649,contextweb.com
650,dns-shop.ru
651,life360.com
652,temu.com
653,stackadapt.com
654,nest.com
655,pornhub.com
656,viber.com
657,bluekai.com
658,webrootcloudav.com
659,gihc.net
660,everesttech.net
661,coinmarketcap.com
662,mediafire.com
663,tp-link.com
664,samsungapps.com
665,box.com
666,yimg.com
667,glance.net
668,deepl.com
669,amazon.fr
670,ovscdns.net
671,bitdefender.com
672,usda.gov
673,nationalgeographic.com
674,contentsquare.net
675,ai-lawandorder.com
676,attn.tv
677,inmobi.com
678,hbr.org
679,themeforest.net
680,sagepub.com
681,investopedia.com
682,google.com.mx
683,yahoo.net
684,google.com.tr
685,klaviyo.com
686,ohthree.com
687,fedex.com
688,udemy.com
689,rocket-cdnbp.com
690,service.gov.uk
691,pccc.com
692,bestbuy.com
693,unesco.org
694,allaboutcookies.org
695,33across.com
696,footprintdns.com
697,douyincdn.com
698,amazon.ca
699,zillow.com
700,docker.com
701,shein.com
702,bandcamp.com
703,youku.com
704,xvideos.com
705,bytetcdn.com
706,tremorhub.com
707,gumgum.com
708,telegram.org
709,typeform.com
710,gandi-ns.fr
711,e-msedge.net
712,kickstarter.com
713,norton.com
714,ttoverseaus.net
715,huffpost.com
716,xiaomi.net
717,fiverr.com
718,nflxvideo.net
719,pbs.org
720,abovedomains.com
721,lemonde.fr
722,business.site
723,mailchi.mp
724,mirtesen.ru
725,ovh.net
726,shopee.co.id
727,cdnvideo.ru
728,people.com
729,ioam.de
730,fast.com
731,1rx.io
732,mixpanel.com
733,w55c.net
734,me.com
735,princeton.edu
736,networkadvertising.org
737,yximgs.com
738,chaturbate.com
739,footprint.net
740,dbankcloud.com
741,jotform.com
742,ssl-images-amazon.com
743,kargo.com
744,allegro.pl
745,amazon.in
746,quantummetric.com
747,sitescout.com
748,statuspage.io
749,google.cn
750,t-online.de
751,stickyadstv.com
752,indiatimes.com
753,ipify.org
754,adrta.com
755,quickconnect.to
756,change.org
757,a-mo.net
758,news.com.au
759,amazon.es
760,upwork.com
761,bankofamerica.com
762,phicdn.net
763,steamstatic.com
764,redhat.com
765,rfihub.com
766,ieee.org
767,ebay.co.uk
768,turn.com
769,xnxx.com
770,ipredictive.com
771,lefigaro.fr
772,dreamhost.com
773,tencent-cloud.net
774,whitehouse.gov
775,krxd.net
776,samsungacr.com
777,intentiq.com
778,usgovcloudapi.net
779,fb.me
780,airbnb.com
781,umich.edu
782,iso.org
783,ertelecom.ru
784,bootstrapcdn.com
785,appier.net
786,netgear.com
787,igodigital.com
788,simpli.fi
789,colossusssp.com
790,heytapdl.com
791,paloaltonetworks.com
792,swrve.com
793,statcounter.com
794,amazon.it
795,nic.do
796,indexww.com
797,ssacdn.com
798,dan.com
799,apigee.net
800,ks-cdn.com
801,lowes.com
802,epa.gov
803,unrulymedia.com
804,okta.com
805,state.gov
806,hm.com
807,cmediahub.ru
808,bdydns.com
809,istockphoto.com
810,aniview.com
811,shopee.com.br
812,eporner.com
813,ameblo.jp
814,adjust.com
815,discordapp.com
816,ibyteimg.com
817,impervadns.net
818,samsungosp.com
819,miwifi.com
820,google.com.tw
821,seznam.cz
822,brave.com
823,wayfair.com
824,daum.net
825,fbsbx.com
826,sc-corp.net
827,onetag-sys.com
828,macys.com
829,1drv.com
830,xfinity.com
831,360.cn
832,onlyfans.com
833,cdnhwc1.com
834,githubusercontent.com
835,goskope.com
836,columbia.edu
837,worldbank.org
838,clever.com
839,cdn20.com
840,takeaway.com
841,ncbank.cn
842,erome.com
843,messenger.com
844,economist.com
845,ctdns.cn
846,chartbeat.net
847,heytapmobile.com
848,usnews.com
849,firefox.com
850,vmware.com
851,gitlab.com
852,tribalfusion.com
853,sectigo.com
854,bild.de
855,connatix.com
856,ads-twitter.com
857,mathtag.com
858,infonline.de
859,genius.com
860,mgid.com
861,twilio.com
862,vkontakte.ru
863,canonical.com
864,immunet.com
865,disneyplus.com
866,costco.com
867,nypost.com
868,firebaseio.com
869,llnwi.net
870,globalsign.com
871,browser-intake-datadoghq.com
872,jimdo.com
873,wikihow.com
874,repubblica.it
875,rackspaceclouddb.com
876,unpkg.com
877,azure-devices.net
878,hotmail.com
879,bttrack.com
880,arcgis.com
881,theconversation.com
882,spot.im
883,primevideo.com
884,cloudflareinsights.com
885,samsungcloudsolution.net
886,businesswire.com
887,cachenow.net
888,kohls.com
889,segment.io
890,chartboost.com
891,ad.gt
892,avito.ru
893,rings.solutions
894,online.net
895,cbc.ca
896,ya.ru
897,rapid7.com
898,deloitte.com
899,tbcache.com
900,biblegateway.com
901,savvis.net
902,mediavine.com
903,realtor.com
904,myqcloud.com
905,skroutz.gr
906,btloader.com
907,discogs.com
908,imcmdb.net
909,qwest.net
910,vivoglobal.com
911,instructure.com
912,ebay.de
913,xerox.com
914,adgrx.com
915,mgts.ru
916,sharethis.com
917,akismet.com
918,pendo.io
919,eyeota.net
920,synology.com
921,mckinsey.com
922,onesignal.com
923,ancestry.com
924,spotifycdn.com
925,quizlet.com
926,onet.pl
927,amazon.com.br
928,redd.it
929,adroll.com
930,classdojo.com
931,postrelease.com
932,awsglobalaccelerator.com
933,ys7.com
934,flurry.com
935,cdnbuild.net
936,hilton.com
937,innovid.com
938,alidns.com
939,serving-sys.com
940,tiqcdn.com
941,websitewelcome.com
942,elmundo.es
943,aiv-delivery.net
944,corriere.it
945,crossmh.ru
946,weforum.org
947,spankbang.com
948,4dex.io
949,pusher.com
950,bol.com
951,marketwatch.com
952,redislabs.com
953,wp.pl
954,no-ip.com
955,mmcdn.com
956,hwcdn.net
957,si.com
958,socdm.com
959,binance.com
960,avira.com
961,vivo.com.cn
962,eepurl.com
963,asos.com
964,tynt.com
965,ripn.net
966,pikabu.ru
967,creditkarma.com
968,withgoogle.com
969,apnews.com
970,psychologytoday.com
971,superhosting.bg
972,newyorker.com
973,cookiedatabase.org
974,redfin.com
975,fortune.com
976,arxiv.org
977,redditstatic.com
978,ubnt.com
979,twitchcdn.net
980,utorrent.com
981,chartbeat.com
982,pik.ru
983,interia.pl
984,pexels.com
985,kaspi.kz
986,plos.org
987,francetvinfo.fr
988,byteoversea.com
989,rayjump.com
990,olx.ua
991,constantcontact.com
992,vidazoo.com
993,2gis.com
994,plex.tv
995,vice.com
996,topdns.me
997,psu.edu
998,dribbble.com
999,split.io
1000,atlassian.net
1001,yale.edu
